rule,seconds,hours
qualimap,741.0,0.20583333333333334
rsem,20944.0,5.817777777777778
star,61457.0,17.07138888888889
